{"cameraMode":{"drawMode":0,"name":"Shaded","section":"Shading Mode"},"sceneLighting":false,"audioPlay":false,"sceneViewState":{"showFog":true,"showMaterialUpdate":false,"showSkybox":true,"showFlares":true,"showImageEffects":true,"showParticleSystems":true},"in2DMode":false,"pivot":{"x":1.8936543464660645,"y":0.43924781680107119,"z":-1.8510100841522217},"rotation":{"x":-0.10086788237094879,"y":-0.7573112845420837,"z":0.12051451206207276,"w":-0.6338623762130737},"size":1.342116117477417,"orthographic":false}