{"cameraMode":{"drawMode":0,"name":"Shaded","section":"Shading Mode"},"sceneLighting":true,"audioPlay":false,"sceneViewState":{"showFog":true,"showMaterialUpdate":false,"showSkybox":true,"showFlares":true,"showImageEffects":true,"showParticleSystems":true},"in2DMode":false,"pivot":{"x":-6.608624458312988,"y":6.351709365844727,"z":2.767991065979004},"rotation":{"x":-0.3223050534725189,"y":0.41993555426597597,"z":-0.1625448614358902,"w":-0.8326780796051025},"size":29.638099670410158,"orthographic":false}