{"cameraMode":{"drawMode":0,"name":"Shaded","section":"Shading Mode"},"sceneLighting":false,"audioPlay":false,"sceneViewState":{"showFog":true,"showMaterialUpdate":false,"showSkybox":true,"showFlares":true,"showImageEffects":true,"showParticleSystems":true},"in2DMode":false,"pivot":{"x":-20.450008392333986,"y":6.417529106140137,"z":-13.034225463867188},"rotation":{"x":-0.26870858669281008,"y":-0.6116943359375,"z":0.23255959153175355,"w":-0.7067827582359314},"size":59.46108627319336,"orthographic":false}